Presidente,Mes,Encuestadora,Abrueba,DesAbrueba
AMLO,ago-20,Enkoll,58,36
AMLO,ago-20,El Universal/tel,53,36
AMLO,jul-20,El Financiero/tel,58,37
AMLO,jun-20,BGC/tel,58,40
AMLO,jun-20,El País/tel,68,32
AMLO,jun-20,El Financiero/tel,56,42
AMLO,jun-20,Varela y Asoc/tel,59,38
AMLO,may-20,El Financiero/tel,60,37
AMLO,may-20,Buendia y Laredo/tel,58,27
AMLO,abr-20,El Financiero/tel,68,29
AMLO,mar-20,GEA-ISA,47,46
AMLO,mar-20,Parametraa/tel,54,42
AMLO,mar-20,El Financiero/tel,60,37
AMLO,feb-20,Reforma,59,35
AMLO,feb-20,Varela y Asoc/tel,59,38
AMLO,feb-20,Demotecnia/tel,62,29
AMLO,feb-20,Buendia y Laredo,62,28
AMLO,feb-20,El Financiero/tel,63,34
AMLO,feb-20,Enkoll,67,25
AMLO,feb-20,Parametria,63,33
AMLO,feb-20,El Universal,57,30
AMLO,ene-20,El Financiero/tel,71,28
AMLO,ene-20,Parametria,68,28
AMLO,dic-19,El Financiero/tel,72,27
AMLO,dic-19,BGC/tel,61,38
AMLO,dic-19,Parametria,77,23
AMLO,nov-19,Buendia y Laredo,67,23
AMLO,nov-19,Enkoll,72,22
AMLO,nov-19,GEA-ISA,57,38
AMLO,nov-19,Reforma,68,31
AMLO,nov-19,El Financiero/tel,68,31
AMLO,nov-19,Demotecnia/tel,68,25
AMLO,nov-19,El Universal,59,23
AMLO,nov-19,Parametria,75,21
AMLO,nov-19,Varela y Asoc/tel,63,33
AMLO,oct-19,El Financiero/tel,67,31
AMLO,oct-19,Enkoll,78,18
AMLO,sep-19,El Financiero/tel,68,30
AMLO,sep-19,GEA-ISA,61,30
AMLO,sep-19,Demotecnia/tel,71,20
AMLO,sep-19,Parametria,75,21
AMLO,ago-19,Enkoll,73,19
AMLO,ago-19,Varela y Asoc/tel,67,29
AMLO,ago-19,El Financiero/tel,67,32
AMLO,ago-19,El Universal,69,20
AMLO,ago-19,Buendia y Laredo,71,18
AMLO,ago-19,Indemerc/tel,77,23
AMLO,jul-19,BGC/tel,70,27
AMLO,jul-19,El Financiero/tel,66,32
AMLO,jul-19,Reforma,70,29
AMLO,jul-19,Parametria,78,18
AMLO,jun-19,GEA-ISA,66,27
AMLO,jun-19,El Universal,72,18
AMLO,jun-19,El Financiero/tel,66,32
AMLO,jun-19,Parametria,80,20
AMLO,may-19,Varela y Asoc/tel,67,25
AMLO,may-19,Parametria,75,20
AMLO,may-19,Demotecnia/tel,70,21
AMLO,may-19,Buendia y Laredo,72,15
AMLO,may-19,Enkoll,70,23
AMLO,may-19,Consulta,60,35
AMLO,may-19,Arcop,70,17
AMLO,may-19,BGC/tel,70,25
AMLO,may-19,El Financiero/tel,67,32
AMLO,abr-19,El Financiero/tel,70,29
AMLO,abr-19,Parametria,83,15
AMLO,mar-19,GEA-ISA,64,25
AMLO,mar-19,El Universal,79,11
AMLO,mar-19,Reforma,78,18
AMLO,mar-19,Demotecnia/tel,80,14
AMLO,mar-19,El Financiero/tel,78,19
AMLO,mar-19,Parametria,82,16
AMLO,feb-19,Parametria,86,8
AMLO,feb-19,Buendia y Laredo,85,9
AMLO,feb-19,Enkoll,85,12
AMLO,feb-19,Consulta,67,28
AMLO,feb-19,BGC,82,16
AMLO,feb-19,El Financiero/tel,83,14
AMLO,ene-19,Parametria,85,8
AMLO,ene-19,BGC/tel,76,21
AMLO,ene-19,El Financiero/tel,82,16
AMLO,dic-18,Parametria,83,8
AMLO,dic-18,GEA-ISA,59,21
AMLO,dic-18,El Financiero/tel,77,19
AMLO,nov-18,Parametria,69,21
AMLO,nov-18,Consulta,62,35
AMLO,nov-18,Enkoll,71,26
AMLO,nov-18,Reforma,63,21
AMLO,nov-18,El Universal,55,18
AMLO,nov-18,Buendia y Laredo,78,19
AMLO,oct-18,Enkoll,75,25
AMLO,sep-18,GEA-ISA,56,29
AMLO,ago-18,El Universal,64,12
AMLO,ago-18,Parametria,71,12
EPN,dic-18,GEA-ISA,16,79
EPN,nov-18,Buendia y Laredo,27,71
EPN,nov-18,Reforma,28,68
EPN,nov-18,Parametria,23,75
EPN,nov-18,Parametria,22,74
EPN,nov-18,Consulta,24,74
EPN,nov-18,El Financiero,26,70
EPN,nov-18,El Universal,20,69
EPN,oct-18,Parametria,28,68
EPN,sep-18,GEA-ISA,20,74
EPN,ago-18,Buendia y Laredo,26,71
EPN,ago-18,Parametria,28,69
EPN,ago-18,Consulta,18,77
EPN,ago-18,El Universal,21,67
EPN,jul-18,Reforma,22,76
EPN,jun-18,GEA-ISA,19,76
EPN,jun-18,Parametria,26,70
EPN,may-18,Buendia y Laredo,26,71
EPN,may-18,GEA-ISA,16,78
EPN,may-18,Reforma,20,77
EPN,may-18,Parametria,26,70
EPN,may-18,Consulta,20,71
EPN,abr-18,GEA-ISA,20,75
EPN,abr-18,Reforma,21,76
EPN,abr-18,Parametria,29,65
EPN,mar-18,GEA-ISA,22,76
EPN,mar-18,Parametria,29,65
EPN,feb-18,Buendia y Laredo,26,72
EPN,feb-18,Reforma,19,79
EPN,feb-18,Parametria,26,70
EPN,feb-18,Consulta,21,69
EPN,ene-18,Buendia y Laredo,28,69
EPN,ene-18,Parametria,29,68
EPN,dic-17,Parametria,35,64
EPN,nov-17,Buendia y Laredo,31,64
EPN,nov-17,GEA-ISA,23,73
EPN,nov-17,Reforma,25,73
EPN,nov-17,Consulta,26,71
EPN,oct-17,Parametria,30,70
EPN,sep-17,GEA-ISA,16,78
EPN,sep-17,Parametria,30,69
EPN,ago-17,Buendia y Laredo,28,68
EPN,ago-17,Parametria,21,75
EPN,ago-17,Parametria,29,69
EPN,ago-17,Consulta,22,73
EPN,ago-17,BGC Telefonica,13,64
EPN,jul-17,Reforma,20,78
EPN,jun-17,GEA-ISA,19,74
EPN,jun-17,Parametria,30,67
EPN,may-17,Buendia y Laredo,25,69
EPN,may-17,Parametria,29,66
EPN,may-17,Consulta,19,76
EPN,abr-17,Parametria,22,73
EPN,mar-17,Buendia y Laredo,21,73
EPN,mar-17,GEA-ISA,19,77
EPN,mar-17,Parametria,21,79
EPN,feb-17,Buendia y Laredo,19,74
EPN,feb-17,Consulta,17,77
EPN,ene-17,Reforma,12,86
EPN,ene-17,Parametria,15,84
EPN,ene-17,BGC Telefonica,6,79
EPN,dic-16,Parametria,32,67
EPN,dic-16,BGC Telefonica,16,62
EPN,nov-16,Buendia y Laredo,25,66
EPN,nov-16,GEA-ISA,32,65
EPN,nov-16,Reforma,24,73
EPN,nov-16,Consulta,24,69
EPN,oct-16,Parametria,35,62
EPN,oct-16,BGC Telefonica,13,66
EPN,sep-16,GEA-ISA,26,69
EPN,sep-16,Parametria,29,70
EPN,ago-16,Buendia y Laredo,32,61
EPN,ago-16,Reforma,23,74
EPN,ago-16,Parametria,22,73
EPN,ago-16,Consulta,29,65
EPN,ago-16,BGC Telefonica,10,66
EPN,jul-16,Parametria,26,72
EPN,jun-16,Buendia y Laredo,29,63
EPN,jun-16,GEA-ISA,35,60
EPN,jun-16,Parametria,30,69
EPN,may-16,Parametria,34,65
EPN,may-16,Consulta,32,62
EPN,abr-16,Reforma,30,66
EPN,abr-16,Parametria,38,58
EPN,abr-16,BGC Telefonica,19,60
EPN,mar-16,Buendia y Laredo,32,56
EPN,mar-16,GEA-ISA,44,53
EPN,mar-16,Parametria,36,62
EPN,feb-16,Parametria,33,64
EPN,feb-16,Consulta,33,61
EPN,ene-16,BGC Telefonica,16,58
EPN,dic-15,Reforma,39,58
EPN,dic-15,BGC Telefonica,20,55
EPN,nov-15,Buendia y Laredo,42,51
EPN,nov-15,GEA-ISA,46,50
EPN,nov-15,Parametria,40,59
EPN,nov-15,Consulta,33,65
EPN,oct-15,Parametria,39,60
EPN,oct-15,BGC Telefonica,16,63
EPN,sep-15,BGC Telefonica,18,57
EPN,ago-15,Buendia y Laredo,35,57
EPN,ago-15,GEA-ISA,36,54
EPN,ago-15,Parametria,41,57
EPN,ago-15,Consulta,36,61
EPN,ago-15,BGC Telefonica,18,61
EPN,jul-15,Reforma,34,64
EPN,jun-15,Parametria,46,52
EPN,jun-15,BGC Telefonica,20,57
EPN,may-15,Buendia y Laredo,40,53
EPN,may-15,GEA-ISA,46,45
EPN,may-15,Parametria,48,51
EPN,may-15,Consulta,39,57
EPN,abr-15,Parametria,51,48
EPN,abr-15,BGC Telefonica,24,56
EPN,mar-15,GEA-ISA,44,47
EPN,mar-15,Reforma,39,57
EPN,mar-15,Parametria,39,58
EPN,feb-15,Buendia y Laredo,37,53
EPN,feb-15,Parametria,41,56
EPN,feb-15,Consulta,40,57
EPN,feb-15,BGC Telefonica,23,56
EPN,ene-15,Parametria,42,53
EPN,ene-15,BGC Telefonica,24,54
EPN,dic-14,Parametria,41,53
EPN,dic-14,BGC Telefonica,23,57
EPN,nov-14,Buendia y Laredo,41,50
EPN,nov-14,GEA-ISA,41,52
EPN,nov-14,Reforma,39,58
EPN,nov-14,Parametria,44,52
EPN,nov-14,Consulta,41,57
EPN,oct-14,Parametria,51,49
EPN,oct-14,Consulta,45,54
EPN,sep-14,GEA-ISA,45,49
EPN,sep-14,Consulta,46,53
EPN,ago-14,Buendia y Laredo,46,45
EPN,ago-14,Parametria,46,49
EPN,ago-14,Consulta,47,51
EPN,ago-14,BGC Telefonica,32,45
EPN,jul-14,Reforma,50,46
EPN,jul-14,Consulta,47,51
EPN,jun-14,GEA-ISA,39,55
EPN,jun-14,Parametria,52,45
EPN,jun-14,Consulta,49,49
EPN,may-14,Buendia y Laredo,48,40
EPN,may-14,Consulta,49,50
EPN,abr-14,Parametria,51,47
EPN,abr-14,Consulta,48,50
EPN,mar-14,GEA-ISA,37,52
EPN,mar-14,Reforma,48,48
EPN,mar-14,Consulta,47,52
EPN,feb-14,Buendia y Laredo,44,46
EPN,feb-14,Parametria,44,53
EPN,feb-14,Consulta,48,51
EPN,ene-14,Consulta,48,50
EPN,ene-14,BGC Telefonica,28,42
EPN,dic-13,GEA-ISA,43,50
EPN,dic-13,Parametria,53,45
EPN,nov-13,Buendia y Laredo,50,37
EPN,nov-13,Reforma,44,48
EPN,nov-13,Consulta,50,49
EPN,nov-13,BGC Telefonica,30,46
EPN,oct-13,Parametria,57,39
EPN,oct-13,Consulta,55,43
EPN,sep-13,GEA-ISA,50,43
EPN,sep-13,Consulta,56,41
EPN,ago-13,Buendia y Laredo,55,34
EPN,ago-13,Parametria,60,33
EPN,ago-13,Consulta,56,41
EPN,jul-13,Reforma,52,38
EPN,jul-13,Consulta,56,41
EPN,jul-13,BGC Telefonica,41,29
EPN,jun-13,GEA-ISA,45,46
EPN,jun-13,Parametria,62,32
EPN,jun-13,Consulta,56,40
EPN,may-13,Buendia y Laredo,55,33
EPN,may-13,Consulta,57,38
EPN,mar-13,GEA-ISA,55,33
EPN,mar-13,Reforma,50,30
EPN,mar-13,Parametria,61,26
EPN,feb-13,Buendia y Laredo,56,29
EPN,feb-13,Consulta,53,35
EPN,ene-13,Parametria,55,21
EPN,ene-13,BGC Telefonica,50,16
EPN,dic-12,Consulta,54,35
EZPL,nov-00,Reforma,69,21
EZPL,nov-00,Presidencia,66,29
EZPL,sep-00,Reforma,69,22
EZPL,jun-00,Presidencia,59,37
EZPL,jun-00,Presidencia,54,41
EZPL,jun-00,Reforma,67,25
EZPL,may-00,Presidencia,59,38
EZPL,mar-00,Reforma,69,25
EZPL,feb-00,Presidencia,21,40
EZPL,dic-99,Presidencia,71,23
EZPL,dic-99,Reforma,67,26
EZPL,nov-99,Presidencia,53,35
EZPL,oct-99,Presidencia,73,22
EZPL,sep-99,Presidencia,54,41
EZPL,sep-99,Reforma,66,27
EZPL,jul-99,Presidencia,70,24
EZPL,jun-99,Reforma,61,31
EZPL,mar-99,Reforma,65,26
EZPL,ene-99,Presidencia,51,40
EZPL,dic-98,Reforma,61,28
EZPL,sep-98,Reforma,51,38
EZPL,jul-98,Presidencia,64,30
EZPL,jun-98,Reforma,54,34
EZPL,mar-98,Reforma,59,32
EZPL,dic-97,Reforma,60,32
EZPL,sep-97,Presidencia,56,42
EZPL,sep-97,Reforma,59,32
EZPL,jul-97,Presidencia,60,36
EZPL,jun-97,Reforma,52,37
EZPL,may-97,Presidencia,48,41
EZPL,abr-97,Presidencia,58,37
EZPL,mar-97,Reforma,54,39
EZPL,dic-96,Reforma,45,42
EZPL,nov-96,Presidencia,56,39
EZPL,oct-96,Presidencia,52,45
EZPL,sep-96,Presidencia,46,44
EZPL,sep-96,Presidencia,46,49
EZPL,sep-96,Reforma,46,46
EZPL,jul-96,Presidencia,43,49
EZPL,jun-96,Reforma,35,57
EZPL,may-96,Presidencia,34,63
EZPL,mar-96,Presidencia,28,67
EZPL,mar-96,Reforma,41,48
EZPL,feb-96,Presidencia,60,32
EZPL,dic-95,Reforma,31,60
EZPL,nov-95,Presidencia,43,57
EZPL,nov-95,Presidencia,44,51
EZPL,sep-95,Reforma,34,56
EZPL,jul-95,Presidencia,33,56
EZPL,jun-95,Reforma,31,61
EZPL,mar-95,Presidencia,35,52
EZPL,mar-95,Reforma,53,34
EZPL,feb-95,Presidencia,42,38
FCH,nov-12,Consulta,52,46
FCH,nov-12,GEA-ISA,43,54
FCH,nov-12,Buendia y Laredo,64,25
FCH,nov-12,BGC Telefonica,66,30
FCH,oct-12,Consulta,49,49
FCH,oct-12,Parametria,67,31
FCH,oct-12,BGC Vivienda,49,49
FCH,oct-12,BGC Telefonica,62,34
FCH,sep-12,Consulta,49,50
FCH,sep-12,Parametria,74,23
FCH,sep-12,Reforma,64,29
FCH,sep-12,GEA-ISA,57,39
FCH,sep-12,BGC Telefonica,66,29
FCH,ago-12,Consulta,45,52
FCH,ago-12,Buendia y Laredo,58,35
FCH,ago-12,BGC Telefonica,63,33
FCH,jul-12,Consulta,44,53
FCH,jul-12,Parametria,74,25
FCH,jul-12,BGC Telefonica,61,34
FCH,jun-12,Consulta,37,60
FCH,jun-12,Parametria,71,28
FCH,jun-12,Parametria,62,36
FCH,jun-12,Parametria,66,31
FCH,jun-12,Parametria,66,33
FCH,jun-12,Buendia y Laredo,48,41
FCH,jun-12,BGC Telefonica,56,38
FCH,may-12,Consulta,46,52
FCH,may-12,Parametria,70,28
FCH,may-12,Parametria,65,32
FCH,may-12,Parametria,68,31
FCH,may-12,Parametria,65,34
FCH,may-12,GEA-ISA,48,50
FCH,may-12,BGC Telefonica,57,38
FCH,abr-12,Consulta,49,47
FCH,abr-12,Parametria,70,26
FCH,abr-12,Parametria,72,27
FCH,abr-12,Parametria,69,29
FCH,abr-12,Parametria,73,24
FCH,abr-12,Reforma,66,30
FCH,abr-12,BGC Telefonica,59,34
FCH,mar-12,Consulta,52,45
FCH,mar-12,Parametria,72,27
FCH,mar-12,Parametria,72,27
FCH,mar-12,Buendia y Laredo,53,33
FCH,mar-12,BGC Telefonica,62,32
FCH,feb-12,Consulta,52,45
FCH,feb-12,Parametria,69,30
FCH,feb-12,GEA-ISA,47,49
FCH,feb-12,Buendia y Laredo,58,29
FCH,feb-12,BGC Vivienda,62,35
FCH,feb-12,BGC Telefonica,62,32
FCH,ene-12,Consulta,50,47
FCH,ene-12,Parametria,71,27
FCH,ene-12,Parametria,66,32
FCH,ene-12,BGC Telefonica,61,34
FCH,dic-11,Consulta,51,47
FCH,dic-11,Reforma,64,29
FCH,dic-11,BGC Telefonica,64,31
FCH,nov-11,Consulta,53,45
FCH,nov-11,Parametria,66,33
FCH,nov-11,GEA-ISA,48,48
FCH,nov-11,Buendia y Laredo,59,26
FCH,nov-11,BGC Vivienda,56,40
FCH,nov-11,BGC Telefonica,62,32
FCH,oct-11,Consulta,51,48
FCH,oct-11,BGC Vivienda,61,37
FCH,oct-11,BGC Telefonica,61,34
FCH,sep-11,Consulta,53,45
FCH,sep-11,Parametria,67,31
FCH,sep-11,BGC Telefonica,66,30
FCH,ago-11,Consulta,50,48
FCH,ago-11,Reforma,63,29
FCH,ago-11,GEA-ISA,46,51
FCH,ago-11,Buendia y Laredo,53,32
FCH,ago-11,BGC Telefonica,62,33
FCH,jul-11,Consulta,53,45
FCH,jul-11,Parametria,70,27
FCH,jul-11,BGC Telefonica,60,35
FCH,jun-11,Consulta,50,47
FCH,jun-11,BGC Telefonica,57,37
FCH,may-11,Consulta,48,49
FCH,may-11,GEA-ISA,45,54
FCH,may-11,Buendia y Laredo,54,32
FCH,may-11,BGC Telefonica,56,38
FCH,abr-11,Consulta,49,49
FCH,abr-11,Parametria,64,34
FCH,abr-11,Reforma,59,32
FCH,abr-11,BGC Telefonica,56,39
FCH,mar-11,Consulta,49,48
FCH,mar-11,Parametria,63,36
FCH,mar-11,GEA-ISA,48,50
FCH,mar-11,BGC Telefonica,58,37
FCH,feb-11,Consulta,52,46
FCH,feb-11,Parametria,60,37
FCH,feb-11,Buendia y Laredo,52,32
FCH,feb-11,BGC Telefonica,57,38
FCH,ene-11,Consulta,54,44
FCH,ene-11,BGC Telefonica,57,37
FCH,dic-10,Consulta,53,44
FCH,dic-10,Reforma,59,33
FCH,dic-10,BGC Telefonica,60,36
FCH,nov-10,Consulta,54,43
FCH,nov-10,GEA-ISA,41,54
FCH,nov-10,Buendia y Laredo,55,34
FCH,nov-10,BGC Telefonica,57,39
FCH,oct-10,Consulta,53,44
FCH,oct-10,Parametria,59,38
FCH,oct-10,BGC Telefonica,59,36
FCH,sep-10,Consulta,54,43
FCH,sep-10,Reforma,55,37
FCH,sep-10,BGC Telefonica,62,33
FCH,ago-10,Consulta,55,42
FCH,ago-10,Parametria,72,27
FCH,ago-10,GEA-ISA,48,48
FCH,ago-10,Buendia y Laredo,58,32
FCH,ago-10,BGC Telefonica,57,38
FCH,jul-10,Consulta,53,43
FCH,jul-10,BGC Telefonica,55,38
FCH,jun-10,Consulta,53,43
FCH,jun-10,Reforma,58,34
FCH,jun-10,BGC Telefonica,56,39
FCH,may-10,Consulta,53,45
FCH,may-10,GEA-ISA,50,46
FCH,may-10,Buendia y Laredo,59,30
FCH,may-10,BGC Telefonica,56,39
FCH,abr-10,Consulta,55,42
FCH,abr-10,Parametria,67,30
FCH,abr-10,BGC Telefonica,56,39
FCH,mar-10,Consulta,56,42
FCH,mar-10,Reforma,57,34
FCH,mar-10,GEA-ISA,45,53
FCH,mar-10,BGC Telefonica,57,39
FCH,feb-10,Consulta,53,44
FCH,feb-10,Buendia y Laredo,56,33
FCH,feb-10,BGC Telefonica,57,38
FCH,ene-10,Consulta,52,46
FCH,ene-10,BGC Telefonica,55,40
FCH,dic-09,Consulta,55,42
FCH,dic-09,Parametria,60,35
FCH,dic-09,Parametria,71,26
FCH,dic-09,Reforma,52,39
FCH,dic-09,BGC Telefonica,60,35
FCH,nov-09,Consulta,57,40
FCH,nov-09,GEA-ISA,52,46
FCH,nov-09,BGC Telefonica,56,39
FCH,oct-09,Consulta,58,40
FCH,oct-09,BGC Telefonica,59,36
FCH,sep-09,Consulta,62,36
FCH,sep-09,Reforma,68,24
FCH,sep-09,BGC Telefonica,63,33
FCH,ago-09,Consulta,62,35
FCH,ago-09,Parametria,72,22
FCH,ago-09,Parametria,73,23
FCH,ago-09,GEA-ISA,54,37
FCH,ago-09,Buendia y Laredo,59,32
FCH,ago-09,BGC Telefonica,68,26
FCH,jul-09,Consulta,63,34
FCH,jul-09,BGC Telefonica,70,25
FCH,jun-09,Consulta,63,34
FCH,jun-09,Reforma,69,25
FCH,jun-09,BGC Telefonica,69,25
FCH,may-09,Consulta,65,32
FCH,may-09,Parametria,72,21
FCH,may-09,GEA-ISA,52,40
FCH,may-09,Buendia y Laredo,64,26
FCH,may-09,BGC Telefonica,69,25
FCH,abr-09,Consulta,65,33
FCH,abr-09,Parametria,72,20
FCH,abr-09,BGC Telefonica,73,21
FCH,mar-09,Consulta,67,30
FCH,mar-09,Parametria,63,26
FCH,mar-09,Reforma,66,27
FCH,mar-09,GEA-ISA,54,38
FCH,mar-09,BGC Telefonica,68,26
FCH,feb-09,Consulta,66,32
FCH,feb-09,Parametria,76,24
FCH,feb-09,Parametria,64,29
FCH,feb-09,Buendia y Laredo,62,24
FCH,feb-09,BGC Telefonica,66,27
FCH,ene-09,Consulta,65,33
FCH,ene-09,BGC Telefonica,72,23
FCH,dic-08,Consulta,62,36
FCH,dic-08,Reforma,64,27
FCH,dic-08,BGC Telefonica,70,25
FCH,nov-08,Consulta,61,36
FCH,nov-08,GEA-ISA,58,36
FCH,nov-08,Buendia y Laredo,57,31
FCH,nov-08,BGC Telefonica,71,23
FCH,oct-08,Consulta,60,37
FCH,oct-08,Parametria,63,33
FCH,oct-08,BGC Telefonica,66,28
FCH,sep-08,Consulta,59,38
FCH,sep-08,Parametria,60,35
FCH,sep-08,Reforma,62,27
FCH,sep-08,BGC Telefonica,67,28
FCH,ago-08,Consulta,58,40
FCH,ago-08,Parametria,60,31
FCH,ago-08,GEA-ISA,59,36
FCH,ago-08,Buendia y Laredo,60,26
FCH,ago-08,BGC Telefonica,66,28
FCH,jul-08,Consulta,58,40
FCH,jul-08,BGC Telefonica,66,28
FCH,jun-08,Consulta,60,38
FCH,jun-08,Parametria,71,23
FCH,jun-08,Reforma,64,26
FCH,jun-08,BGC Telefonica,67,27
FCH,may-08,Consulta,61,37
FCH,may-08,GEA-ISA,66,29
FCH,may-08,Ipsos Bimsa,62,25
FCH,may-08,BGC Telefonica,68,26
FCH,abr-08,Consulta,61,37
FCH,abr-08,Parametria,69,24
FCH,abr-08,BGC Telefonica,68,25
FCH,mar-08,Consulta,62,35
FCH,mar-08,Parametria,69,23
FCH,mar-08,Parametria,67,25
FCH,mar-08,Reforma,63,23
FCH,mar-08,BGC Telefonica,68,23
FCH,feb-08,Consulta,61,37
FCH,feb-08,Parametria,66,29
FCH,feb-08,Parametria,67,25
FCH,feb-08,GEA-ISA,64,32
FCH,feb-08,Ipsos Bimsa,66,18
FCH,feb-08,BGC Telefonica,69,23
FCH,ene-08,Consulta,63,34
FCH,ene-08,Parametria,65,23
FCH,ene-08,BGC Telefonica,70,24
FCH,dic-07,Consulta,59,38
FCH,dic-07,Reforma,64,23
FCH,dic-07,BGC Telefonica,71,21
FCH,nov-07,Consulta,58,39
FCH,nov-07,GEA-ISA,60,34
FCH,nov-07,Ipsos Bimsa,57,33
FCH,nov-07,BGC Telefonica,70,22
FCH,oct-07,Consulta,58,39
FCH,oct-07,BGC Telefonica,63,29
FCH,sep-07,Consulta,63,34
FCH,sep-07,Reforma,65,20
FCH,sep-07,GEA-ISA,67,28
FCH,sep-07,BGC Telefonica,66,26
FCH,ago-07,Consulta,65,32
FCH,ago-07,Parametria,69,23
FCH,ago-07,Ipsos Bimsa,64,20
FCH,ago-07,BGC Telefonica,70,22
FCH,jul-07,Consulta,65,32
FCH,jul-07,BGC Telefonica,72,21
FCH,jun-07,Consulta,64,33
FCH,jun-07,Parametria,60,14
FCH,jun-07,Reforma,65,21
FCH,jun-07,GEA-ISA,69,23
FCH,jun-07,BGC Telefonica,73,19
FCH,may-07,Consulta,65,32
FCH,may-07,BGC Telefonica,73,19
FCH,abr-07,Consulta,62,33
FCH,abr-07,Ipsos Bimsa,68,21
FCH,abr-07,BGC Telefonica,73,18
FCH,mar-07,Consulta,58,36
FCH,mar-07,Parametria,54,17
FCH,mar-07,Reforma,58,23
FCH,mar-07,GEA-ISA,64,25
FCH,mar-07,BGC Telefonica,73,17
FCH,feb-07,Consulta,57,33
FCH,feb-07,BGC Telefonica,65,21
FCH,ene-07,Consulta,59,31
FCH,ene-07,Parametria,47,22
FCH,ene-07,Ipsos Bimsa,58,27
FCH,ene-07,BGC Telefonica,60,21
FCH,dic-06,Consulta,62,23
FCH,dic-06,GEA-ISA,52,19
FCH,dic-06,BGC Telefonica,58,13
FCH,nov-06,Consulta,64,27
VFQ,nov-06,Parametria,51,26
VFQ,nov-06,Consulta,58,40
VFQ,nov-06,GEA-ISA,63,30
VFQ,nov-06,Reforma,61,28
VFQ,nov-06,Ipsos,54,28
VFQ,nov-06,El Universal,67,30
VFQ,oct-06,GEA-ISA,58,37
VFQ,sep-06,Parametria,55,22
VFQ,sep-06,Reforma,68,26
VFQ,sep-06,Ipsos,60,21
VFQ,ago-06,Consulta,61,38
VFQ,ago-06,GEA-ISA,59,38
VFQ,ago-06,El Universal,67,29
VFQ,jul-06,Parametria,60,19
VFQ,jul-06,Parametria,60,23
VFQ,jul-06,Parametria,59,20
VFQ,jul-06,GEA-ISA,58,37
VFQ,jul-06,Ipsos,60,21
VFQ,jun-06,Parametria,60,19
VFQ,jun-06,GEA-ISA,61,35
VFQ,jun-06,Reforma,64,29
VFQ,jun-06,Ipsos,49,26
VFQ,may-06,Parametria,62,16
VFQ,may-06,Consulta,61,35
VFQ,may-06,GEA-ISA,59,36
VFQ,may-06,Ipsos,53,25
VFQ,may-06,El Universal,65,31
VFQ,abr-06,Parametria,66,20
VFQ,abr-06,GEA-ISA,60,36
VFQ,abr-06,Ipsos,54,22
VFQ,mar-06,Parametria,57,23
VFQ,mar-06,GEA-ISA,56,37
VFQ,mar-06,Reforma,64,29
VFQ,mar-06,Ipsos,54,23
VFQ,mar-06,El Universal,62,34
VFQ,feb-06,Consulta,63,34
VFQ,feb-06,GEA-ISA,58,37
VFQ,feb-06,Ipsos,58,21
VFQ,ene-06,Parametria,59,20
VFQ,ene-06,GEA-ISA,52,43
VFQ,ene-06,Ipsos,57,23
VFQ,ene-06,El Universal,66,30
VFQ,dic-05,Reforma,62,27
VFQ,dic-05,Ipsos,57,22
VFQ,nov-05,Parametria,50,22
VFQ,nov-05,Consulta,61,36
VFQ,nov-05,GEA-ISA,47,48
VFQ,nov-05,Ipsos,59,21
VFQ,nov-05,El Universal,68,28
VFQ,nov-05,Demotecnia,55,39
VFQ,sep-05,Reforma,61,30
VFQ,ago-05,Parametria,55,23
VFQ,ago-05,Consulta,58,38
VFQ,ago-05,GEA-ISA,46,48
VFQ,ago-05,Ipsos,51,26
VFQ,ago-05,El Universal,61,36
VFQ,jun-05,Parametria,45,34
VFQ,jun-05,Reforma,56,34
VFQ,jun-05,El Universal,60,37
VFQ,may-05,Consulta,53,44
VFQ,may-05,GEA-ISA,35,59
VFQ,abr-05,El Universal,62,35
VFQ,mar-05,Reforma,59,29
VFQ,mar-05,Ipsos,50,27
VFQ,feb-05,Parametria,48,28
VFQ,feb-05,Consulta,62,36
VFQ,feb-05,GEA-ISA,45,48
VFQ,feb-05,Ipsos,55,24
VFQ,ene-05,El Universal,62,33
VFQ,dic-04,Reforma,57,32
VFQ,nov-04,Parametria,51,20
VFQ,nov-04,Consulta,55,40
VFQ,nov-04,GEA-ISA,51,44
VFQ,nov-04,Ipsos,52,25
VFQ,nov-04,El Universal,59,37
VFQ,sep-04,Reforma,54,36
VFQ,ago-04,Parametria,51,23
VFQ,ago-04,Consulta,51,45
VFQ,ago-04,GEA-ISA,45,49
VFQ,ago-04,Ipsos,51,30
VFQ,ago-04,El Universal,58,39
VFQ,ago-04,Demotecnia,51,22
VFQ,jun-04,Reforma,54,34
VFQ,may-04,Parametria,49,24
VFQ,may-04,Consulta,56,39
VFQ,may-04,GEA-ISA,48,47
VFQ,may-04,Ipsos,51,27
VFQ,may-04,El Universal,60,37
VFQ,abr-04,Ipsos,53,32
VFQ,abr-04,El Universal,53,37
VFQ,mar-04,Parametria,49,26
VFQ,mar-04,Reforma,55,35
VFQ,mar-04,Ipsos,57,29
VFQ,feb-04,Consulta,53,43
VFQ,feb-04,GEA-ISA,42,48
VFQ,feb-04,Ipsos,52,27
VFQ,feb-04,El Universal,55,38
VFQ,feb-04,Demotecnia,48,30
VFQ,dic-03,Reforma,58,34
VFQ,nov-03,Parametria,55,28
VFQ,nov-03,Consulta,55,38
VFQ,nov-03,GEA-ISA,47,43
VFQ,nov-03,Ipsos,54,25
VFQ,nov-03,El Universal,58,40
VFQ,sep-03,Reforma,57,35
VFQ,ago-03,Parametria,60,24
VFQ,ago-03,Consulta,59,36
VFQ,ago-03,GEA-ISA,56,38
VFQ,ago-03,El Universal,62,34
VFQ,ago-03,Demotecnia,48,36
VFQ,jun-03,Parametria,56,25
VFQ,jun-03,Reforma,64,30
VFQ,may-03,Parametria,61,21
VFQ,may-03,Consulta,63,34
VFQ,may-03,GEA-ISA,57,37
VFQ,may-03,El Universal,63,34
VFQ,mar-03,Parametria,48,27
VFQ,mar-03,Reforma,58,32
VFQ,feb-03,Consulta,53,43
VFQ,feb-03,GEA-ISA,46,45
VFQ,feb-03,El Universal,59,37
VFQ,feb-03,Demotecnia,51,28
VFQ,dic-02,Reforma,59,31
VFQ,nov-02,Parametria,54,27
VFQ,nov-02,Consulta,54,43
VFQ,nov-02,GEA-ISA,49,45
VFQ,nov-02,El Universal,59,37
VFQ,nov-02,Demotecnia,51,40
VFQ,oct-02,Parametria,57,24
VFQ,sep-02,Reforma,61,31
VFQ,ago-02,Parametria,53,27
VFQ,ago-02,Consulta,56,38
VFQ,ago-02,GEA-ISA,58,39
VFQ,ago-02,El Universal,58,39
VFQ,ago-02,Demotecnia,51,39
VFQ,jul-02,Parametria,57,25
VFQ,jun-02,Parametria,55,28
VFQ,jun-02,GEA-ISA,45,45
VFQ,jun-02,Reforma,57,35
VFQ,jun-02,El Universal,49,30
VFQ,may-02,Consulta,50,46
VFQ,may-02,Demotecnia,46,45
VFQ,mar-02,GEA-ISA,39,52
VFQ,mar-02,Reforma,47,42
VFQ,feb-02,Consulta,44,53
VFQ,feb-02,Demotecnia,48,45
VFQ,dic-01,Reforma,61,29
VFQ,nov-01,Consulta,59,38
VFQ,nov-01,GEA-ISA,57,35
VFQ,nov-01,Demotecnia,59,32
VFQ,ago-01,Consulta,61,32
VFQ,ago-01,GEA-ISA,59,32
VFQ,ago-01,Reforma,64,25
VFQ,ago-01,Demotecnia,37,25
VFQ,may-01,Consulta,62,30
VFQ,may-01,Reforma,65,24
VFQ,may-01,Demotecnia,63,24
VFQ,mar-01,GEA-ISA,73,17
VFQ,feb-01,Consulta,69,23
VFQ,feb-01,Reforma,70,11
VFQ,feb-01,Demotecnia,71,18
VFQ,ene-01,GEA-ISA,72,13
VFQ,nov-00,Consulta,69,23